{
    "n": 0.10702558047104387,
    "D": 32.5,
    "P_0": 97968.20940789474,
    "m_p": 35,
    "intercept": -3.119484396046031,
    "R": 8.314,
    "A": 0.0008295768100885549,
    "g": 9.7955,
    "V_0": 2.5878519143928886,
    "T": 294.81666666666666,
    "slope": 316222.69846889755
}